ID,Types,Categories,Subcategories,Brand
1,彩妝,底妝產品,粉底液,植村秀
2,彩妝,底妝產品,粉底液,資生堂
3,彩妝,底妝產品,粉底液,M.A.C
4,彩妝,底妝產品,粉底液,YSL
5,彩妝,底妝產品,粉底液,DIOR
6,彩妝,底妝產品,粉底液,CHANEL
7,彩妝,底妝產品,粉底液,MAKE UP FOREVER
8,彩妝,底妝產品,粉底液,雅詩蘭黛
9,彩妝,底妝產品,粉底液,蘭蔻
10,彩妝,底妝產品,粉底液,Bobbi Brown
11,彩妝,底妝產品,遮瑕膏,植村秀
12,彩妝,底妝產品,遮瑕膏,資生堂
13,彩妝,底妝產品,遮瑕膏,M.A.C
14,彩妝,底妝產品,遮瑕膏,YSL
15,彩妝,底妝產品,遮瑕膏,DIOR
16,彩妝,底妝產品,遮瑕膏,CHANEL
17,彩妝,底妝產品,遮瑕膏,MAKE UP FOREVER
18,彩妝,底妝產品,遮瑕膏,雅詩蘭黛
19,彩妝,底妝產品,遮瑕膏,蘭蔻
20,彩妝,底妝產品,遮瑕膏,Bobbi Brown
21,彩妝,底妝產品,氣墊粉餅,植村秀
22,彩妝,底妝產品,氣墊粉餅,資生堂
23,彩妝,底妝產品,氣墊粉餅,M.A.C
24,彩妝,底妝產品,氣墊粉餅,YSL
25,彩妝,底妝產品,氣墊粉餅,DIOR
26,彩妝,底妝產品,氣墊粉餅,CHANEL
27,彩妝,底妝產品,氣墊粉餅,MAKE UP FOREVER
28,彩妝,底妝產品,氣墊粉餅,雅詩蘭黛
29,彩妝,底妝產品,氣墊粉餅,蘭蔻
30,彩妝,底妝產品,氣墊粉餅,Bobbi Brown
31,彩妝,底妝產品,蜜粉,植村秀
32,彩妝,底妝產品,蜜粉,資生堂
33,彩妝,底妝產品,蜜粉,M.A.C
34,彩妝,底妝產品,蜜粉,YSL
35,彩妝,底妝產品,蜜粉,DIOR
36,彩妝,底妝產品,蜜粉,CHANEL
37,彩妝,底妝產品,蜜粉,MAKE UP FOREVER
38,彩妝,底妝產品,蜜粉,雅詩蘭黛
39,彩妝,底妝產品,蜜粉,蘭蔻
40,彩妝,底妝產品,蜜粉,Bobbi Brown
41,彩妝,底妝產品,腮紅,植村秀
42,彩妝,底妝產品,腮紅,資生堂
43,彩妝,底妝產品,腮紅,M.A.C
44,彩妝,底妝產品,腮紅,YSL
45,彩妝,底妝產品,腮紅,DIOR
46,彩妝,底妝產品,腮紅,CHANEL
47,彩妝,底妝產品,腮紅,MAKE UP FOREVER
48,彩妝,底妝產品,腮紅,雅詩蘭黛
49,彩妝,底妝產品,腮紅,蘭蔻
50,彩妝,底妝產品,腮紅,Bobbi Brown
51,彩妝,底妝產品,妝前乳,植村秀
52,彩妝,底妝產品,妝前乳,資生堂
53,彩妝,底妝產品,妝前乳,M.A.C
54,彩妝,底妝產品,妝前乳,YSL
55,彩妝,底妝產品,妝前乳,DIOR
56,彩妝,底妝產品,妝前乳,CHANEL
57,彩妝,底妝產品,妝前乳,MAKE UP FOREVER
58,彩妝,底妝產品,妝前乳,雅詩蘭黛
59,彩妝,底妝產品,妝前乳,蘭蔻
60,彩妝,底妝產品,妝前乳,Bobbi Brown
61,彩妝,底妝產品,防曬乳,植村秀
62,彩妝,底妝產品,防曬乳,資生堂
63,彩妝,底妝產品,防曬乳,M.A.C
64,彩妝,底妝產品,防曬乳,YSL
65,彩妝,底妝產品,防曬乳,DIOR
66,彩妝,底妝產品,防曬乳,CHANEL
67,彩妝,底妝產品,防曬乳,MAKE UP FOREVER
68,彩妝,底妝產品,防曬乳,雅詩蘭黛
69,彩妝,底妝產品,防曬乳,蘭蔻
70,彩妝,底妝產品,防曬乳,Bobbi Brown
71,彩妝,底妝產品,打亮/修容,植村秀
72,彩妝,底妝產品,打亮/修容,資生堂
73,彩妝,底妝產品,打亮/修容,M.A.C
74,彩妝,底妝產品,打亮/修容,YSL
75,彩妝,底妝產品,打亮/修容,DIOR
76,彩妝,底妝產品,打亮/修容,CHANEL
77,彩妝,底妝產品,打亮/修容,MAKE UP FOREVER
78,彩妝,底妝產品,打亮/修容,雅詩蘭黛
79,彩妝,底妝產品,打亮/修容,蘭蔻
80,彩妝,底妝產品,打亮/修容,Bobbi Brown
81,彩妝,底妝產品,定妝噴霧,植村秀
82,彩妝,底妝產品,定妝噴霧,資生堂
83,彩妝,底妝產品,定妝噴霧,M.A.C
84,彩妝,底妝產品,定妝噴霧,YSL
85,彩妝,底妝產品,定妝噴霧,DIOR
86,彩妝,底妝產品,定妝噴霧,CHANEL
87,彩妝,底妝產品,定妝噴霧,MAKE UP FOREVER
88,彩妝,底妝產品,定妝噴霧,雅詩蘭黛
89,彩妝,底妝產品,定妝噴霧,蘭蔻
90,彩妝,底妝產品,定妝噴霧,Bobbi Brown
91,彩妝,眼妝產品,眉筆,植村秀
92,彩妝,眼妝產品,眉筆,資生堂
93,彩妝,眼妝產品,眉筆,M.A.C
94,彩妝,眼妝產品,眉筆,YSL
95,彩妝,眼妝產品,眉筆,DIOR
96,彩妝,眼妝產品,眉筆,CHANEL
97,彩妝,眼妝產品,眉筆,MAKE UP FOREVER
98,彩妝,眼妝產品,眉筆,雅詩蘭黛
99,彩妝,眼妝產品,眉筆,蘭蔻
100,彩妝,眼妝產品,眉筆,Bobbi Brown
101,彩妝,眼妝產品,眼線筆,植村秀
102,彩妝,眼妝產品,眼線筆,資生堂
103,彩妝,眼妝產品,眼線筆,M.A.C
104,彩妝,眼妝產品,眼線筆,YSL
105,彩妝,眼妝產品,眼線筆,DIOR
106,彩妝,眼妝產品,眼線筆,CHANEL
107,彩妝,眼妝產品,眼線筆,MAKE UP FOREVER
108,彩妝,眼妝產品,眼線筆,雅詩蘭黛
109,彩妝,眼妝產品,眼線筆,蘭蔻
110,彩妝,眼妝產品,眼線筆,Bobbi Brown
111,彩妝,眼妝產品,睫毛膏,植村秀
112,彩妝,眼妝產品,睫毛膏,資生堂
113,彩妝,眼妝產品,睫毛膏,M.A.C
114,彩妝,眼妝產品,睫毛膏,YSL
115,彩妝,眼妝產品,睫毛膏,DIOR
116,彩妝,眼妝產品,睫毛膏,CHANEL
117,彩妝,眼妝產品,睫毛膏,MAKE UP FOREVER
118,彩妝,眼妝產品,睫毛膏,雅詩蘭黛
119,彩妝,眼妝產品,睫毛膏,蘭蔻
120,彩妝,眼妝產品,睫毛膏,Bobbi Brown
121,彩妝,眼妝產品,眼影/眼影盤,植村秀
122,彩妝,眼妝產品,眼影/眼影盤,資生堂
123,彩妝,眼妝產品,眼影/眼影盤,M.A.C
124,彩妝,眼妝產品,眼影/眼影盤,YSL
125,彩妝,眼妝產品,眼影/眼影盤,DIOR
126,彩妝,眼妝產品,眼影/眼影盤,CHANEL
127,彩妝,眼妝產品,眼影/眼影盤,MAKE UP FOREVER
128,彩妝,眼妝產品,眼影/眼影盤,雅詩蘭黛
129,彩妝,眼妝產品,眼影/眼影盤,蘭蔻
130,彩妝,眼妝產品,眼影/眼影盤,Bobbi Brown
131,彩妝,唇妝產品,唇膏,植村秀
132,彩妝,唇妝產品,唇膏,資生堂
133,彩妝,唇妝產品,唇膏,M.A.C
134,彩妝,唇妝產品,唇膏,YSL
135,彩妝,唇妝產品,唇膏,DIOR
136,彩妝,唇妝產品,唇膏,CHANEL
137,彩妝,唇妝產品,唇膏,MAKE UP FOREVER
138,彩妝,唇妝產品,唇膏,雅詩蘭黛
139,彩妝,唇妝產品,唇膏,蘭蔻
140,彩妝,唇妝產品,唇膏,Bobbi Brown
141,彩妝,唇妝產品,唇蜜,植村秀
142,彩妝,唇妝產品,唇蜜,資生堂
143,彩妝,唇妝產品,唇蜜,M.A.C
144,彩妝,唇妝產品,唇蜜,YSL
145,彩妝,唇妝產品,唇蜜,DIOR
146,彩妝,唇妝產品,唇蜜,CHANEL
147,彩妝,唇妝產品,唇蜜,MAKE UP FOREVER
148,彩妝,唇妝產品,唇蜜,雅詩蘭黛
149,彩妝,唇妝產品,唇蜜,蘭蔻
150,彩妝,唇妝產品,唇蜜,Bobbi Brown
151,彩妝,唇妝產品,唇釉,植村秀
152,彩妝,唇妝產品,唇釉,資生堂
153,彩妝,唇妝產品,唇釉,M.A.C
154,彩妝,唇妝產品,唇釉,YSL
155,彩妝,唇妝產品,唇釉,DIOR
156,彩妝,唇妝產品,唇釉,CHANEL
157,彩妝,唇妝產品,唇釉,MAKE UP FOREVER
158,彩妝,唇妝產品,唇釉,雅詩蘭黛
159,彩妝,唇妝產品,唇釉,蘭蔻
160,彩妝,唇妝產品,唇釉,Bobbi Brown
161,彩妝,唇妝產品,護唇膏,植村秀
162,彩妝,唇妝產品,護唇膏,資生堂
163,彩妝,唇妝產品,護唇膏,M.A.C
164,彩妝,唇妝產品,護唇膏,YSL
165,彩妝,唇妝產品,護唇膏,DIOR
166,彩妝,唇妝產品,護唇膏,CHANEL
167,彩妝,唇妝產品,護唇膏,MAKE UP FOREVER
168,彩妝,唇妝產品,護唇膏,雅詩蘭黛
169,彩妝,唇妝產品,護唇膏,蘭蔻
170,彩妝,唇妝產品,護唇膏,Bobbi Brown
171,保養,清潔,洗面乳,植村秀
172,保養,清潔,洗面乳,資生堂
173,保養,清潔,洗面乳,M.A.C
174,保養,清潔,洗面乳,YSL
175,保養,清潔,洗面乳,DIOR
176,保養,清潔,洗面乳,CHANEL
177,保養,清潔,洗面乳,MAKE UP FOREVER
178,保養,清潔,洗面乳,雅詩蘭黛
179,保養,清潔,洗面乳,蘭蔻
180,保養,清潔,洗面乳,Bobbi Brown
181,保養,清潔,去角質,植村秀
182,保養,清潔,去角質,資生堂
183,保養,清潔,去角質,M.A.C
184,保養,清潔,去角質,YSL
185,保養,清潔,去角質,DIOR
186,保養,清潔,去角質,CHANEL
187,保養,清潔,去角質,MAKE UP FOREVER
188,保養,清潔,去角質,雅詩蘭黛
189,保養,清潔,去角質,蘭蔻
190,保養,清潔,去角質,Bobbi Brown
191,保養,卸妝,卸妝油,植村秀
192,保養,卸妝,卸妝油,資生堂
193,保養,卸妝,卸妝油,M.A.C
194,保養,卸妝,卸妝油,YSL
195,保養,卸妝,卸妝油,DIOR
196,保養,卸妝,卸妝油,CHANEL
197,保養,卸妝,卸妝油,MAKE UP FOREVER
198,保養,卸妝,卸妝油,雅詩蘭黛
199,保養,卸妝,卸妝油,蘭蔻
200,保養,卸妝,卸妝油,Bobbi Brown
201,保養,卸妝,卸妝膏,植村秀
202,保養,卸妝,卸妝膏,資生堂
203,保養,卸妝,卸妝膏,M.A.C
204,保養,卸妝,卸妝膏,YSL
205,保養,卸妝,卸妝膏,DIOR
206,保養,卸妝,卸妝膏,CHANEL
207,保養,卸妝,卸妝膏,MAKE UP FOREVER
208,保養,卸妝,卸妝膏,雅詩蘭黛
209,保養,卸妝,卸妝膏,蘭蔻
210,保養,卸妝,卸妝膏,Bobbi Brown
211,保養,卸妝,卸妝水,植村秀
212,保養,卸妝,卸妝水,資生堂
213,保養,卸妝,卸妝水,M.A.C
214,保養,卸妝,卸妝水,YSL
215,保養,卸妝,卸妝水,DIOR
216,保養,卸妝,卸妝水,CHANEL
217,保養,卸妝,卸妝水,MAKE UP FOREVER
218,保養,卸妝,卸妝水,雅詩蘭黛
219,保養,卸妝,卸妝水,蘭蔻
220,保養,卸妝,卸妝水,Bobbi Brown
221,保養,卸妝,眼唇卸妝液,植村秀
222,保養,卸妝,眼唇卸妝液,資生堂
223,保養,卸妝,眼唇卸妝液,M.A.C
224,保養,卸妝,眼唇卸妝液,YSL
225,保養,卸妝,眼唇卸妝液,DIOR
226,保養,卸妝,眼唇卸妝液,CHANEL
227,保養,卸妝,眼唇卸妝液,MAKE UP FOREVER
228,保養,卸妝,眼唇卸妝液,雅詩蘭黛
229,保養,卸妝,眼唇卸妝液,蘭蔻
230,保養,卸妝,眼唇卸妝液,Bobbi Brown
231,保養,卸妝,卸妝棉,植村秀
232,保養,卸妝,卸妝棉,資生堂
233,保養,卸妝,卸妝棉,M.A.C
234,保養,卸妝,卸妝棉,YSL
235,保養,卸妝,卸妝棉,DIOR
236,保養,卸妝,卸妝棉,CHANEL
237,保養,卸妝,卸妝棉,MAKE UP FOREVER
238,保養,卸妝,卸妝棉,雅詩蘭黛
239,保養,卸妝,卸妝棉,蘭蔻
240,保養,卸妝,卸妝棉,Bobbi Brown
241,保養,保養品,化妝水,植村秀
242,保養,保養品,化妝水,資生堂
243,保養,保養品,化妝水,M.A.C
244,保養,保養品,化妝水,YSL
245,保養,保養品,化妝水,DIOR
246,保養,保養品,化妝水,CHANEL
247,保養,保養品,化妝水,MAKE UP FOREVER
248,保養,保養品,化妝水,雅詩蘭黛
249,保養,保養品,化妝水,蘭蔻
250,保養,保養品,化妝水,Bobbi Brown
251,保養,保養品,乳液,植村秀
252,保養,保養品,乳液,資生堂
253,保養,保養品,乳液,M.A.C
254,保養,保養品,乳液,YSL
255,保養,保養品,乳液,DIOR
256,保養,保養品,乳液,CHANEL
257,保養,保養品,乳液,MAKE UP FOREVER
258,保養,保養品,乳液,雅詩蘭黛
259,保養,保養品,乳液,蘭蔻
260,保養,保養品,乳液,Bobbi Brown
261,保養,保養品,面霜,植村秀
262,保養,保養品,面霜,資生堂
263,保養,保養品,面霜,M.A.C
264,保養,保養品,面霜,YSL
265,保養,保養品,面霜,DIOR
266,保養,保養品,面霜,CHANEL
267,保養,保養品,面霜,MAKE UP FOREVER
268,保養,保養品,面霜,雅詩蘭黛
269,保養,保養品,面霜,蘭蔻
270,保養,保養品,面霜,Bobbi Brown
271,保養,保養品,精華液,植村秀
272,保養,保養品,精華液,資生堂
273,保養,保養品,精華液,M.A.C
274,保養,保養品,精華液,YSL
275,保養,保養品,精華液,DIOR
276,保養,保養品,精華液,CHANEL
277,保養,保養品,精華液,MAKE UP FOREVER
278,保養,保養品,精華液,雅詩蘭黛
279,保養,保養品,精華液,蘭蔻
280,保養,保養品,精華液,Bobbi Brown
281,保養,保養品,眼霜,植村秀
282,保養,保養品,眼霜,資生堂
283,保養,保養品,眼霜,M.A.C
284,保養,保養品,眼霜,YSL
285,保養,保養品,眼霜,DIOR
286,保養,保養品,眼霜,CHANEL
287,保養,保養品,眼霜,MAKE UP FOREVER
288,保養,保養品,眼霜,雅詩蘭黛
289,保養,保養品,眼霜,蘭蔻
290,保養,保養品,眼霜,Bobbi Brown
291,保養,保養品,面膜,植村秀
292,保養,保養品,面膜,資生堂
293,保養,保養品,面膜,M.A.C
294,保養,保養品,面膜,YSL
295,保養,保養品,面膜,DIOR
296,保養,保養品,面膜,CHANEL
297,保養,保養品,面膜,MAKE UP FOREVER
298,保養,保養品,面膜,雅詩蘭黛
299,保養,保養品,面膜,蘭蔻
300,保養,保養品,面膜,Bobbi Brown
301,工具,臉部工具,粉底刷,植村秀
302,工具,臉部工具,粉底刷,資生堂
303,工具,臉部工具,粉底刷,M.A.C
304,工具,臉部工具,粉底刷,YSL
305,工具,臉部工具,粉底刷,DIOR
306,工具,臉部工具,粉底刷,CHANEL
307,工具,臉部工具,粉底刷,MAKE UP FOREVER
308,工具,臉部工具,粉底刷,雅詩蘭黛
309,工具,臉部工具,粉底刷,蘭蔻
310,工具,臉部工具,粉底刷,Bobbi Brown
311,工具,臉部工具,腮紅刷具,植村秀
312,工具,臉部工具,腮紅刷具,資生堂
313,工具,臉部工具,腮紅刷具,M.A.C
314,工具,臉部工具,腮紅刷具,YSL
315,工具,臉部工具,腮紅刷具,DIOR
316,工具,臉部工具,腮紅刷具,CHANEL
317,工具,臉部工具,腮紅刷具,MAKE UP FOREVER
318,工具,臉部工具,腮紅刷具,雅詩蘭黛
319,工具,臉部工具,腮紅刷具,蘭蔻
320,工具,臉部工具,腮紅刷具,Bobbi Brown
321,工具,臉部工具,打亮修容刷,植村秀
322,工具,臉部工具,打亮修容刷,資生堂
323,工具,臉部工具,打亮修容刷,M.A.C
324,工具,臉部工具,打亮修容刷,YSL
325,工具,臉部工具,打亮修容刷,DIOR
326,工具,臉部工具,打亮修容刷,CHANEL
327,工具,臉部工具,打亮修容刷,MAKE UP FOREVER
328,工具,臉部工具,打亮修容刷,雅詩蘭黛
329,工具,臉部工具,打亮修容刷,蘭蔻
330,工具,臉部工具,打亮修容刷,Bobbi Brown
331,工具,臉部工具,海綿粉撲,植村秀
332,工具,臉部工具,海綿粉撲,資生堂
333,工具,臉部工具,海綿粉撲,M.A.C
334,工具,臉部工具,海綿粉撲,YSL
335,工具,臉部工具,海綿粉撲,DIOR
336,工具,臉部工具,海綿粉撲,CHANEL
337,工具,臉部工具,海綿粉撲,MAKE UP FOREVER
338,工具,臉部工具,海綿粉撲,雅詩蘭黛
339,工具,臉部工具,海綿粉撲,蘭蔻
340,工具,臉部工具,海綿粉撲,Bobbi Brown
341,工具,眼部工具,眼影刷,植村秀
342,工具,眼部工具,眼影刷,資生堂
343,工具,眼部工具,眼影刷,M.A.C
344,工具,眼部工具,眼影刷,YSL
345,工具,眼部工具,眼影刷,DIOR
346,工具,眼部工具,眼影刷,CHANEL
347,工具,眼部工具,眼影刷,MAKE UP FOREVER
348,工具,眼部工具,眼影刷,雅詩蘭黛
349,工具,眼部工具,眼影刷,蘭蔻
350,工具,眼部工具,眼影刷,Bobbi Brown
351,工具,眼部工具,眼線刷,植村秀
352,工具,眼部工具,眼線刷,資生堂
353,工具,眼部工具,眼線刷,M.A.C
354,工具,眼部工具,眼線刷,YSL
355,工具,眼部工具,眼線刷,DIOR
356,工具,眼部工具,眼線刷,CHANEL
357,工具,眼部工具,眼線刷,MAKE UP FOREVER
358,工具,眼部工具,眼線刷,雅詩蘭黛
359,工具,眼部工具,眼線刷,蘭蔻
360,工具,眼部工具,眼線刷,Bobbi Brown
361,工具,眼部工具,睫毛夾,植村秀
362,工具,眼部工具,睫毛夾,資生堂
363,工具,眼部工具,睫毛夾,M.A.C
364,工具,眼部工具,睫毛夾,YSL
365,工具,眼部工具,睫毛夾,DIOR
366,工具,眼部工具,睫毛夾,CHANEL
367,工具,眼部工具,睫毛夾,MAKE UP FOREVER
368,工具,眼部工具,睫毛夾,雅詩蘭黛
369,工具,眼部工具,睫毛夾,蘭蔻
370,工具,眼部工具,睫毛夾,Bobbi Brown
371,工具,眼部工具,假睫毛,植村秀
372,工具,眼部工具,假睫毛,資生堂
373,工具,眼部工具,假睫毛,M.A.C
374,工具,眼部工具,假睫毛,YSL
375,工具,眼部工具,假睫毛,DIOR
376,工具,眼部工具,假睫毛,CHANEL
377,工具,眼部工具,假睫毛,MAKE UP FOREVER
378,工具,眼部工具,假睫毛,雅詩蘭黛
379,工具,眼部工具,假睫毛,蘭蔻
380,工具,眼部工具,假睫毛,Bobbi Brown
381,工具,唇部工具,唇刷,植村秀
382,工具,唇部工具,唇刷,資生堂
383,工具,唇部工具,唇刷,M.A.C
384,工具,唇部工具,唇刷,YSL
385,工具,唇部工具,唇刷,DIOR
386,工具,唇部工具,唇刷,CHANEL
387,工具,唇部工具,唇刷,MAKE UP FOREVER
388,工具,唇部工具,唇刷,雅詩蘭黛
389,工具,唇部工具,唇刷,蘭蔻
390,工具,唇部工具,唇刷,Bobbi Brown
391,香氛,香氛產品,香水,植村秀
392,香氛,香氛產品,香水,資生堂
393,香氛,香氛產品,香水,M.A.C
394,香氛,香氛產品,香水,YSL
395,香氛,香氛產品,香水,DIOR
396,香氛,香氛產品,香水,CHANEL
397,香氛,香氛產品,香水,MAKE UP FOREVER
398,香氛,香氛產品,香水,雅詩蘭黛
399,香氛,香氛產品,香水,蘭蔻
400,香氛,香氛產品,香水,Bobbi Brown
401,香氛,香氛產品,淡香水,植村秀
402,香氛,香氛產品,淡香水,資生堂
403,香氛,香氛產品,淡香水,M.A.C
404,香氛,香氛產品,淡香水,YSL
405,香氛,香氛產品,淡香水,DIOR
406,香氛,香氛產品,淡香水,CHANEL
407,香氛,香氛產品,淡香水,MAKE UP FOREVER
408,香氛,香氛產品,淡香水,雅詩蘭黛
409,香氛,香氛產品,淡香水,蘭蔻
410,香氛,香氛產品,淡香水,Bobbi Brown
411,香氛,香氛產品,香精,植村秀
412,香氛,香氛產品,香精,資生堂
413,香氛,香氛產品,香精,M.A.C
414,香氛,香氛產品,香精,YSL
415,香氛,香氛產品,香精,DIOR
416,香氛,香氛產品,香精,CHANEL
417,香氛,香氛產品,香精,MAKE UP FOREVER
418,香氛,香氛產品,香精,雅詩蘭黛
419,香氛,香氛產品,香精,蘭蔻
420,香氛,香氛產品,香精,Bobbi Brown
421,香氛,香氛產品,淡香精,植村秀
422,香氛,香氛產品,淡香精,資生堂
423,香氛,香氛產品,淡香精,M.A.C
424,香氛,香氛產品,淡香精,YSL
425,香氛,香氛產品,淡香精,DIOR
426,香氛,香氛產品,淡香精,CHANEL
427,香氛,香氛產品,淡香精,MAKE UP FOREVER
428,香氛,香氛產品,淡香精,雅詩蘭黛
429,香氛,香氛產品,淡香精,蘭蔻
430,香氛,香氛產品,淡香精,Bobbi Brown